{"cameraMode":{"drawMode":0,"name":"Shaded","section":"Shading Mode"},"sceneLighting":true,"audioPlay":false,"sceneViewState":{"m_AlwaysRefresh":false,"showFog":true,"showSkybox":true,"showFlares":true,"showImageEffects":true,"showParticleSystems":true,"showVisualEffectGraphs":true,"m_FxEnabled":true},"in2DMode":false,"pivot":{"x":9.254843711853028,"y":1.4639931917190552,"z":8.453620910644532},"rotation":{"x":0.16586028039455415,"y":0.38809219002723696,"z":-0.07122374325990677,"w":0.9037742614746094},"size":0.40615153312683108,"orthographic":true}